saudacao; oi,
saudacao; bom dia, tudo bem?
saudacao; ola,
saudacao; boa tarde,
despedida; tchau,
despedida; obrigado, ate breve
despedida; valeu, ate mais
despedida; ok, obrigado
posso; posso fazer a portabilidade SMS?, A portabilidade SMS pode ser feita por qualquer cliente Vivo ativo
como; como faco a portabilidade SMS?, A portabilidade SMS pode ser feita por qualquer cliente Vivo ativo
abrangencia; qual a abrangencia da portabilidade SMS?, A portabilidade SMS tem abrangencia nacional
abrangencia; qual a tamanho da portabilidade SMS?, A portabilidade SMS tem abrangencia nacional
abrangencia; qual a cobertura da portabilidade SMS?, A portabilidade SMS tem abrangencia nacional
custo; quanto custa a portabilidade SMS?, A Portabilidade SMS e gratuita, acesse a pagina e saiba mais
beneficio; quais sao os beneficios da portabilidade SMS?, Com a portabilidade SMS, voce tem total facilidade e agilidade para realizar a portabilidade para a Vivo; 100 SMS gratuitos (validos on net ou off net). A oferta e inclusa automaticamente na linha do cliente, apos a conclusao da portabilidade. A linha e portada em ate 48 horas. Para mais informacoes
regra; quais sao as regras para solicitar a portabilidade SMS?, Para solicitar a portabilidade SMS, voce deve possuir um Vivo Chip e estar com a linha no status ativo. A portabilidade sera realizada para um plano pre pago. Toda a solicitacao sera realizada via SMS
agendar; como agendar a portabilidade SMS?, Para agendar ou reagendar a data da Portabilidade Numerica feita via SMS, acesse a Central de Relacionamento via Chat ou va ate uma loja Vivo
agendar; como reagendar a portabilidade SMS?, Para agendar ou reagendar a data da Portabilidade Numerica feita via SMS, acesse a Central de Relacionamento via Chat ou va ate uma loja Vivo
cancelar; quero cancelar a portabilidade numerica via SMS que fiz, como faco?, O cancelamento da Portabilidade Numerica via SMS deve ser feito em ate 2 dias uteis apos a solicitacao do servico em uma das Lojas Proprias da Vivo
cancelar; como e feito o cancelamento Port Out, portabilidade SMS?, Apenas a Operadora Receptora pode cancelar para clientes Vivo em processo de Port Out. Prazo: 2 dias uteis apos a solicitacao de Portabilidade
migracao; como e a janela de migracao da portabilidade SMS?, Voce ficara sem servico durante o processo de portabilidade (periodo de atualizacao das informacoes entre as operadoras). O prazo do processo de portabilidade e de 3 dias uteis. Havera um intervalo de 2 horas em que a operadora doadora cancela o numero e a receptora
migracao; quanto tempo para a migracao da portabilidade SMS?, Voce ficara sem servico durante o processo de portabilidade (periodo de atualizacao das informacoes entre as operadoras). O prazo do processo de portabilidade e de 3 dias uteis. Havera um intervalo de 2 horas em que a operadora doadora cancela o numero e a receptora
acompanhar; solicitei a portabilidade, como posso acompanhar o meu pedido?, Para acompanhar seu pedido de Portabilidade Numerica entre em contato e tenha em maos o numero de seu CPF e do protocolo referente a solicitacao
abrangencia; qual a abrangencia?, A portabilidade SMS tem abrangencia nacional
abrangencia; qual a tamanho?, A portabilidade SMS tem abrangencia nacional
abrangencia; qual a cobertura?, A portabilidade SMS tem abrangencia nacional
custo; quanto custa?, A Portabilidade SMS e gratuita, acesse a pagina e saiba mais
beneficio; quais sao os beneficios?, Com a portabilidade SMS, voce tem total facilidade e agilidade para realizar a portabilidade para a Vivo; 100 SMS gratuitos (validos on net ou off net). A oferta e inclusa automaticamente na linha do cliente, apos a conclusao da portabilidade. A linha e portada em ate 48 horas. Para mais informacoes
regra; quais sao as regras para solicitar?, Para solicitar a portabilidade SMS, voce deve possuir um Vivo Chip e estar com a linha no status ativo. A portabilidade sera realizada para um plano pre pago. Toda a solicitacao sera realizada via SMS
agendar; como agendar?, Para agendar ou reagendar a data da Portabilidade Numerica feita via SMS, acesse a Central de Relacionamento via Chat ou va ate uma loja Vivo
agendar; como reagendar?, Para agendar ou reagendar a data da Portabilidade Numerica feita via SMS, acesse a Central de Relacionamento via Chat ou va ate uma loja Vivo
cancelar; quero cancelar via SMS que fiz, como faco?, O cancelamento da Portabilidade Numerica via SMS deve ser feito em ate 2 dias uteis apos a solicitacao do servico em uma das Lojas Proprias da Vivo
cancelar; como e feito o cancelamento Port Out?, Apenas a Operadora Receptora pode cancelar para clientes Vivo em processo de Port Out. Prazo: 2 dias uteis apos a solicitacao de Portabilidade
migracao; como e a janela de migracao?, Voce ficara sem servico durante o processo de portabilidade (periodo de atualizacao das informacoes entre as operadoras). O prazo do processo de portabilidade e de 3 dias uteis. Havera um intervalo de 2 horas em que a operadora doadora cancela o numero e a receptora
migracao; quanto tempo para a migracao?, Voce ficara sem servico durante o processo de portabilidade (periodo de atualizacao das informacoes entre as operadoras). O prazo do processo de portabilidade e de 3 dias uteis. Havera um intervalo de 2 horas em que a operadora doadora cancela o numero e a receptora
acompanhar; como posso acompanhar o meu pedido?, Para acompanhar seu pedido de Portabilidade Numerica entre em contato e tenha em maos o numero de seu CPF e do protocolo referente a solicitacao
